                  epoch,         train/box_loss,         train/cls_loss,         train/dfl_loss,   metrics/precision(B),      metrics/recall(B),       metrics/mAP50(B),    metrics/mAP50-95(B),           val/box_loss,           val/cls_loss,           val/dfl_loss,                 lr/pg0,                 lr/pg1,                 lr/pg2
                      1,                 1.3489,                 2.3986,                 1.7644,                0.00333,                      1,                0.44511,                0.10912,                 1.9687,                 3.8081,                 2.9345,                0.00026,                0.00026,                0.00026
                      2,                 1.1729,                 1.5399,                 1.5657,                0.65974,                 0.5546,                0.56557,                0.15758,                 1.9182,                 3.4785,                 2.7625,             0.00043308,             0.00043308,             0.00043308
                      3,                 1.1599,                 1.4346,                 1.5482,                0.76859,                0.95238,                 0.7866,                0.33327,                 1.6867,                 2.9861,                 2.9263,             0.00049528,             0.00049528,             0.00049528
                      4,                 1.0237,                 1.2404,                 1.4123,                      1,                0.73626,                 0.9395,                0.65245,                 1.0341,                 2.6341,                 1.5267,              0.0004466,              0.0004466,              0.0004466
                      5,                0.99258,                 1.1295,                 1.3723,                      1,                0.97926,                  0.995,                 0.7033,                  1.072,                  2.186,                 1.7009,             0.00028704,             0.00028704,             0.00028704
